{"NIL": [30.283464, -97.737395], "PAR": [30.2836763, -97.73988639999999], "FNT": [30.287925, -97.738237], "PAT": [30.2874541, -97.73698259999999], "BOT": [30.287424, -97.73927789999999], "CPE": [30.2896905, -97.7400268], "GSB": [30.2836035, -97.7390112], "CCJ": [30.2894332, -97.7461306], "PAI": [30.2874091, -97.73829529999999], "CCG": [30.2823639, -97.7404651], "CCF": [30.267153, -97.7430608], "DFF": [30.2789193, -97.72615859999999], "SAC": [30.2849052, -97.7364358], "BWY": [30.2907873, -97.73806479999999], "SAG": [30.2885566, -97.7426753], "UIL": [30.2833518, -97.72365660000001], "HSM": [30.289162, -97.74071599999999], "LBJ": [30.2858226, -97.7292611], "DCP": [30.2766765, -97.73241300000001], "UA9": [30.2898271, -97.7390925], "GOL": [30.2849023, -97.7384562], "EPS": [30.2857092, -97.73716569999999], "TTC": [30.2777675, -97.73475549999999], "MRH": [30.2871425, -97.7305555], "HRH": [30.2836702, -97.7398087], "CS4": [30.2889215, -97.7299549], "WMB": [30.2847558, -97.7372907], "MFH": [30.2809593, -97.73120329999999], "HRC": [30.2841142, -97.7410864], "CDA": [30.283024, -97.725729], "IPF": [30.2865939, -97.7269232], "AHG": [30.28853, -97.737972], "CS5": [30.2896376, -97.7345733], "HMA": [30.2870143, -97.7402824], "PAC": [30.2860615, -97.7312389], "LLE": [30.2906013, -97.7402908], "MAG": [30.2827017, -97.7311907], "MAI": [30.28617909999999, -97.7393728], "PHR": [30.2881016, -97.7392217], "LLD": [30.2906013, -97.7402908], "RHD": [30.2831868, -97.7359699], "CML": [30.282578, -97.72532], "BEN": [30.2836212, -97.7392199], "BEL": [30.2837781, -97.7334588], "FDF": [30.267153, -97.7430608], "FDH": [30.289508, -97.73263999999999], "CMB": [30.289162, -97.74071599999999], "CMA": [30.289162, -97.74071599999999], "CRB": [30.2822031, -97.72592519999999], "CRD": [30.288643, -97.74039189999999], "CRH": [30.2880253, -97.7339743], "PHD": [30.2832242, -97.7355702], "BMC": [30.2901904, -97.74077869999999], "CEE": [30.2896091, -97.7367563], "BMA": [30.2805614, -97.73778340000001], "BME": [30.2895389, -97.73805039999999], "BUR": [30.2886955, -97.73855999999999], "LDH": [30.2833589, -97.73632409999999], "GEB": [30.2848046, -97.73793549999999], "GEA": [30.2874509, -97.73923909999999], "LLC": [30.2906013, -97.7402908], "LLB": [30.2906013, -97.7402908], "LLA": [30.2906013, -97.7402908], "MNC": [30.28098019999999, -97.73344700000001], "LLF": [30.2906013, -97.7402908], "CS3": [30.2802608, -97.7350695], "KIN": [30.2903856, -97.73961299999999], "JGB": [30.2860333, -97.7371313], "UPB": [30.2830193, -97.7312665], "TRG": [30.278853, -97.73482589999999], "TCC": [30.2870079, -97.72909469999999], "GRE": [30.28399109999999, -97.7362809], "BLD": [30.2885153, -97.73971979999999], "AFP": [30.2337255, -97.7417536], "AND": [30.287585, -97.74045199999999], "CBA": [30.28403639999999, -97.7378945], "ANB": [30.2787191, -97.7312452], "INT": [30.267153, -97.7430608], "SSW": [30.28054599999999, -97.7328837], "NOA": [30.2916982, -97.7377502], "ENS": [30.28682, -97.7365803], "BTL": [30.2849023, -97.7384562], "WWH": [30.2892851, -97.7417838], "LCH": [30.2877069, -97.74047180000001], "SSB": [30.289884, -97.7387446], "ACA": [30.2882407, -97.736902], "GWB": [30.2874693, -97.7393027], "ECJ": [30.2889948, -97.7355011], "ETC": [30.2896912, -97.74003619999999], "ATT": [30.281578, -97.740217], "SUT": [30.2849023, -97.7384562], "NEZ": [30.2848903, -97.7324091], "GUG": [30.2797656, -97.7425018], "COM": [30.2848032, -97.73790880000001], "TMM": [30.2870001, -97.73242929999999], "SER": [30.2876543, -97.7346596], "NUR": [30.27779949999999, -97.73359649999999], "LFH": [30.2876027, -97.74049699999999], "SEA": [30.2895629, -97.7378731], "TSG": [30.2917004, -97.7377777], "FC1": [30.2845489, -97.7221094], "FC2": [30.2845489, -97.7221094], "FC3": [30.2845489, -97.7221094], "FC4": [30.2845489, -97.7221094], "FC5": [30.2845489, -97.7221094], "FC6": [30.2845489, -97.7221094], "CLK": [30.283296, -97.7355425], "FC8": [30.2845489, -97.7221094], "SRH": [30.284238, -97.72767110000001], "CLA": [30.2849413, -97.7353371], "TSC": [30.2797203, -97.73332889999999], "SJH": [30.2822461, -97.7346164], "DEV": [30.2920434, -97.7118003], "LTD": [30.2892522, -97.7399842], "MHD": [30.2836808, -97.7399447], "LTH": [30.2875704, -97.74050079999999], "DFA": [30.28524789999999, -97.7327571], "SJG": [30.287725, -97.7328835], "ADH": [30.2915358, -97.7406438], "RLM": [30.2889866, -97.7363642], "SBS": [30.280346, -97.725106], "NMS": [30.289218, -97.737079], "CDL": [30.2782066, -97.73283699999999], "WIN": [30.2853797, -97.73429970000001], "MMS": [30.2838532, -97.7309126], "GDC": [30.2861441, -97.7368801], "JON": [30.2888738, -97.72985709999999], "BRG": [30.2810278, -97.7362204], "BRB": [30.2850892, -97.7372312], "MEZ": [30.28362259999999, -97.7392366], "BAT": [30.283624, -97.7392533], "PCL": [30.2826575, -97.73820789999999], "JES": [30.2828076, -97.7367752], "JHH": [30.2784114, -97.7326045], "CAL": [30.2836732, -97.73984759999999], "SWG": [30.2916946, -97.7377026], "BHD": [30.2833576, -97.73630779999999], "ERC": [30.2766765, -97.73241300000001], "MSB": [30.282822, -97.725686], "BIO": [30.287424, -97.73927789999999], "PPA": [30.2871067, -97.7341699], "PPE": [30.2872937, -97.73679899999999], "NHB": [30.2874384, -97.7382554], "FC7": [30.2845489, -97.7221094], "GAR": [30.2848025, -97.73789550000001], "MBB": [30.2882076, -97.7369429], "PPL": [30.2872131, -97.73559039999999], "WAG": [30.2849089, -97.7372881], "FAC": [30.2870143, -97.7402824], "EAS": [30.2807071, -97.7382926], "POB": [30.2867487, -97.7363223], "STD": [30.2838267, -97.7325438], "UTC": [30.2834384, -97.73723690000001], "UTA": [30.2795042, -97.74275589999999], "ESS": [30.2873831, -97.736989], "FPC": [30.267153, -97.7430608], "PPB": [30.2826411, -97.7252802], "JCD": [30.2828076, -97.7367752], "WCH": [30.2861124, -97.7383031], "UTX": [30.284286, -97.7344565], "WEL": [30.2874021, -97.7382086], "TNH": [30.2891294, -97.73117549999999], "ART": [30.2853374, -97.73367789999999], "WRW": [30.2874848, -97.7357499], "UNB": [30.2867057, -97.742027], "RSC": [30.2808599, -97.73353279999999], "SZB": [30.2816022, -97.7388433], "ARC": [30.29161779999999, -97.7365543], "SW7": [30.2905942, -97.73664939999999]}
