{"JON": [30.267153, -97.7430608], "HMA": [30.2868821, -97.74062219999999], "WEL": [30.2864531, -97.7378028], "WRW": [30.2874828, -97.73588389999999], "PHD": [30.2823584, -97.73508269999999], "GUG": [30.267153, -97.7430608], "UTC": [30.2898999, -97.7354211], "FDH": [30.289406, -97.73252099999999], "CMB": [30.2892512, -97.7411422], "CMA": [30.2892512, -97.7411422], "CRB": [30.267153, -97.7430608], "CRD": [30.267153, -97.7430608], "CRH": [30.2885229, -97.7333957], "BMC": [30.2901904, -97.74077869999999], "CEE": [30.267153, -97.7430608], "BMA": [30.267153, -97.7430608], "BME": [30.28682, -97.7365803], "MFH": [30.267153, -97.7430608], "LDH": [30.267153, -97.7430608], "GEB": [30.2863395, -97.73858539999999], "GEA": [30.2877614, -97.73920559999999], "CS5": [30.2906758, -97.7354577], "CS4": [30.2886745, -97.7324063], "LLA": [30.267153, -97.7430608], "MNC": [30.2823254, -97.7326958], "TCC": [30.267153, -97.7430608], "CS3": [30.28067949999999, -97.7355055], "LLD": [30.267153, -97.7430608], "JGB": [30.267153, -97.7430608], "UPB": [30.2840887, -97.7304104], "TRG": [30.267153, -97.7430608], "ENS": [30.267153, -97.7430608], "BLD": [30.267153, -97.7430608], "AFP": [30.267153, -97.7430608], "AND": [30.267153, -97.7430608], "CBA": [30.267153, -97.7430608], "ANB": [30.27823219999999, -97.7310036], "INT": [30.267153, -97.7430608], "SSW": [30.2806764, -97.732507], "NOA": [30.3015261, -97.69966989999999], "GRE": [30.28399109999999, -97.7362809], "BTL": [30.2854224, -97.7404487], "WWH": [30.2893227, -97.7418505], "LCH": [30.2885585, -97.7408427], "SSB": [30.2901081, -97.73845639999999], "ACA": [30.267153, -97.7430608], "GWB": [30.267153, -97.7430608], "LFH": [30.2881368, -97.7407791], "ETC": [30.2898999, -97.7354211], "ATT": [30.267153, -97.7430608], "SUT": [30.2849498, -97.74080459999999], "NEZ": [30.267153, -97.7430608], "COM": [30.267153, -97.7430608], "TMM": [30.2868821, -97.74062219999999], "SER": [30.2876231, -97.7349619], "NUR": [30.267153, -97.7430608], "ECJ": [30.2886366, -97.7350141], "SEA": [30.2900615, -97.73734929999999], "TSG": [30.267153, -97.7430608], "FC1": [30.267153, -97.7430608], "FC2": [30.267153, -97.7430608], "FC3": [30.267153, -97.7430608], "FC4": [30.267153, -97.7430608], "FC5": [30.267153, -97.7430608], "FC6": [30.267153, -97.7430608], "CLK": [30.267153, -97.7430608], "FC8": [30.267153, -97.7430608], "SRH": [30.267153, -97.7430608], "SZB": [30.2816544, -97.7387608], "CLA": [30.2849413, -97.7353371], "TSC": [30.267153, -97.7430608], "SJH": [30.2823598, -97.7343696], "DEV": [30.2872914, -97.7235582], "LTD": [30.2893342, -97.7397275], "MHD": [30.2835032, -97.7353797], "DFF": [30.267153, -97.7430608], "DFA": [30.267153, -97.7430608], "SJG": [30.267153, -97.7430608], "ADH": [30.2915358, -97.7406438], "RLM": [30.267153, -97.7430608], "SBS": [30.267153, -97.7430608], "CDA": [30.267153, -97.7430608], "CDL": [30.267153, -97.7430608], "WIN": [30.2858694, -97.7344646], "MMS": [30.282659, -97.7298965], "GDC": [30.2863653, -97.73666279999999], "BRG": [30.267153, -97.7430608], "BRB": [30.2852246, -97.73669840000001], "MEZ": [30.267153, -97.7430608], "BAT": [30.2843897, -97.7388388], "PCL": [30.2826575, -97.73820789999999], "JES": [30.267153, -97.7430608], "JHH": [30.2784013, -97.73199470000002], "ERC": [30.2769548, -97.7322085], "SWG": [30.267153, -97.7430608], "CAL": [30.2845, -97.7402], "MSB": [30.267153, -97.7430608], "BIO": [30.2872079, -97.739763], "PPA": [30.267153, -97.7430608], "PPE": [30.267153, -97.7430608], "NHB": [30.2876374, -97.73801890000001], "FC7": [30.267153, -97.7430608], "GAR": [30.2851826, -97.7385031], "MBB": [30.267153, -97.7430608], "PPL": [30.267153, -97.7430608], "WAG": [30.284977, -97.7376034], "FAC": [30.267153, -97.7430608], "EAS": [30.267153, -97.7430608], "POB": [30.28682, -97.7365803], "STD": [30.267153, -97.7430608], "GOL": [30.285556, -97.74111099999999], "UTA": [30.267153, -97.7430608], "ESS": [30.267153, -97.7430608], "FPC": [30.267153, -97.7430608], "PPB": [30.2812074, -97.7268509], "JCD": [30.2824676, -97.7363361], "WCH": [30.2860626, -97.7384384], "UTX": [30.2842578, -97.7344246], "TNH": [30.267153, -97.7430608], "ART": [30.2858697, -97.7329286], "BHD": [30.283138, -97.7358984], "RSC": [30.267153, -97.7430608], "BUR": [30.267153, -97.7430608], "ARC": [30.267153, -97.7430608], "SW7": [30.2905942, -97.73664939999999]}